1608041760,0.2,0.2,0.2,0.2,9.96044404,7
1608041880,0.2,0.2,0.2,0.2,11.03955596,3
1608042000,0.2,0.2,0.2,0.2,1E+1,2
1608042060,0.16,0.16,0.16,0.16,0.1149809,3
1608042120,0.17,0.17,0.1043,0.1043,0.29448679,3
1608042660,0.1577,0.1577,0.1577,0.1577,1.15,1
1608042720,0.1592,0.2,0.1587,0.1587,30.799642,4
1608042780,0.1577,0.2,0.1575,0.1575,53.69193253,9
1608042840,0.1596,0.1596,0.1596,0.1596,1,1
1608042900,0.1618,0.2,0.1618,0.2,5.55946,3
1608042960,0.1577,0.1577,0.1577,0.1577,0.4,1
1608043020,0.1501,0.1501,0.15,0.15,10.99999995,4
1608043200,0.1583,0.2,0.1583,0.2,1.3,2
1608043380,0.1584,0.1584,0.1584,0.1584,0.54031352,1
1608044280,0.1559,0.1584,0.1559,0.1584,45,3
1608044400,0.1523,0.1523,0.1523,0.1523,0.104,1
1608044460,0.1536,0.1559,0.1536,0.1559,4.5666667,2
1608044820,0.1539,0.1539,0.1539,0.1539,0.46,1
1608045120,0.1509,0.1509,0.15,0.15,4.51992825,5
1608045180,0.15,0.15,0.15,0.15,15.63507175,7
1608045300,0.15,0.15,0.15,0.15,12,3
1608045480,0.15,0.15,0.15,0.15,6,2
1608045600,0.1538,0.1538,0.1538,0.1538,0.576,1
1608046080,0.1536,0.1536,0.1536,0.1536,0.57686233,1
1608046260,0.1535,0.17,0.1497,0.1497,25.7860466,13
1608046320,0.1494,0.1494,0.1494,0.1494,0.106,1
1608047520,0.1481,0.1481,0.148,0.148,0.50653674,2
1608047880,0.1582,0.1584,0.1582,0.1584,0.39035966,3
1608050520,0.1568,0.1568,0.1504,0.1504,1.625,7
1608050580,0.1509,0.1509,0.1509,0.1509,0.41479887,2
1608051180,0.1495,0.1495,0.1495,0.1495,0.59081825,1
1608051300,0.1495,0.1495,0.1495,0.1495,0.20040107,1
1608052440,0.1499,0.1499,0.1499,0.1499,8.19393,1
1608053040,0.1519,0.1569,0.1519,0.1569,33.4587475,5
1608053100,0.1535,0.17,0.1535,0.1545,33.21938608,11
1608053940,0.1539,0.1539,0.1502,0.1502,13.27699217,2
1608054300,0.1539,0.1539,0.1539,0.1539,5.8,2
1608055260,0.1502,0.1502,0.1502,0.1502,109.98402469,10
1608055800,0.1503,0.1518,0.1503,0.1518,11,3
1608055860,0.1503,0.1503,0.1503,0.1503,0.5749599,1
1608058860,0.1503,0.1588,0.1503,0.1588,6.46515345,2
1608058980,0.1588,0.1588,0.1588,0.1588,0.1,1
1608059220,0.1488,0.1488,0.1488,0.1488,0.101,1
1608060300,0.1588,0.1588,0.1588,0.1588,0.46713,1
1608062280,0.1572,0.1572,0.1512,0.1512,0.515,5
1608062460,0.1498,0.1498,0.1498,0.1498,0.10113427,1
1608062520,0.1498,0.1498,0.147,0.147,0.21986573,3
1608063420,0.1457,0.1457,0.1457,0.1457,2,2
1608066000,0.1451,0.1451,0.1451,0.1451,1.75910198,3
1608068160,0.15,0.15,0.15,0.15,1,1
1608069660,0.1485,0.1485,0.1471,0.1471,0.203,2
1608069960,0.1461,0.1461,0.1461,0.1461,0.72651109,1
1608070800,0.1461,0.1461,0.1461,0.1461,2.90663876,1
1608075660,0.1497,0.1497,0.1497,0.1497,5.55736942,1
1608078240,0.1482,0.1482,0.1482,0.1482,0.101,1
1608079200,0.1479,0.1479,0.1479,0.1479,0.2051154,1
1608079620,0.1468,0.1468,0.1461,0.1461,6.952,2
1608080460,0.146,0.146,0.146,0.146,1.10909449,2
1608083040,0.1447,0.1447,0.1447,0.1447,0.101,1
1608084000,0.15,0.15,0.15,0.15,6,2
1608085860,0.1446,0.1446,0.1446,0.1446,0.31689925,1
1608087240,0.1449,0.1449,0.1449,0.1449,0.26228737,1
1608088440,0.1453,0.1453,0.1453,0.1453,5.55612089,1
1608089160,0.1435,0.1435,0.143,0.143,0.36906971,2
1608089220,0.1422,0.1422,0.1421,0.1421,0.202,2
1608089340,0.1407,0.1407,0.1407,0.1407,0.103,1
1608090660,0.1404,0.1404,0.1404,0.1404,4.21837793,1
1608093300,0.1409,0.1409,0.1409,0.1409,0.24954871,1
1608095940,0.1434,0.1434,0.1434,0.1434,0.60062762,1
1608101100,0.1443,0.1443,0.1443,0.1443,2.5,1
1608102960,0.1429,0.1429,0.1429,0.1429,0.101,1
1608104100,0.1415,0.1415,0.1415,0.1415,0.102,1
1608105480,0.1423,0.1423,0.1423,0.1423,3,1
1608105840,0.1409,0.1409,0.1409,0.1409,0.101,1
1608106500,0.1401,0.1401,0.1401,0.1401,2.0704061,1
1608112980,0.1405,0.1405,0.1405,0.1405,5.75,1
1608116520,0.1391,0.1391,0.1391,0.1391,0.101,1
1608117000,0.1392,0.1393,0.1392,0.1393,1E+1,2
1608117480,0.1381,0.1381,0.1381,0.1381,0.15182056,1
1608117540,0.1377,0.1377,0.1375,0.1375,2.3243817,3
1608120660,0.1375,0.1375,0.1375,0.1375,6.13,2
1608120900,0.1375,0.1375,0.1375,0.1375,10.79443927,3
1608124740,0.1376,0.1376,0.1376,0.1376,2.53608244,1
1608125040,0.1376,0.1376,0.1376,0.1376,0.10248731,1
1608125940,0.1379,0.1379,0.1379,0.1379,0.26538198,2
1608126420,0.1361,0.1361,0.1361,0.1361,0.1,1
1608126540,0.1355,0.1355,0.1355,0.1355,0.1871371,1
1608127080,0.1365,0.1365,0.1365,0.1365,7.49151409,1
1608128220,0.1374,0.1374,0.1374,0.1374,0.61834199,1
1608131940,0.14,0.14,0.14,0.14,0.2331625,1
1608140160,0.1387,0.1387,0.1387,0.1387,3,1
1608148380,0.1412,0.1412,0.1412,0.1412,6.44838764,1
1608150180,0.1416,0.1416,0.1416,0.1416,3,1
1608157080,0.1388,0.1388,0.1388,0.1388,0.1,1
1608158940,0.1375,0.1375,0.1375,0.1375,0.1,1
1608159120,0.1371,0.1371,0.1371,0.1371,5.76,1
1608159960,0.1371,0.1371,0.1371,0.1371,5.750784,3
1608161280,0.1368,0.1368,0.1368,0.1368,10.84413343,1
1608164280,0.1386,0.1386,0.1386,0.1386,3.99999995,3
1608167460,0.1372,0.1372,0.1372,0.1372,0.1,1
1608168780,0.1365,0.1365,0.1359,0.1359,3.1,2
1608170400,0.1369,0.1369,0.1369,0.1369,1.97620505,3
1608173280,0.1355,0.1355,0.1355,0.1355,0.1,1
1608174480,0.1342,0.1342,0.1342,0.1342,0.1,1
1608174540,0.1328,0.1328,0.1328,0.1328,0.1,1
1608175380,0.1339,0.1339,0.1337,0.1337,15.55658977,5
1608184200,0.134,0.134,0.134,0.134,1.5013,1
1608185700,0.1324,0.1324,0.1324,0.1324,1.47333837,1
1608186120,0.1314,0.1314,0.1314,0.1314,0.1,1
1608189780,0.1314,0.1314,0.1314,0.1314,1,1
1608191160,0.1316,0.1316,0.1316,0.1316,1,1
1608191640,0.1314,0.1314,0.1314,0.1314,7,4
1608195480,0.1305,0.1305,0.1305,0.1305,5.47599756,1
1608195600,0.13,0.13,0.1298,0.1298,29.29999994,6
1608198720,0.1315,0.1315,0.1315,0.1315,0.5918,1
1608200880,0.1331,0.1331,0.1331,0.1331,0.36244994,1
1608201660,0.132,0.132,0.132,0.132,16.97364,1
1608203160,0.1319,0.132,0.1319,0.132,34.278,4
1608206220,0.1307,0.1307,0.1304,0.1304,0.18852797,4
1608210540,0.1291,0.1291,0.1291,0.1291,0.1,1
1608216600,0.1319,0.178,0.1319,0.178,84.84482908,14
1608216660,0.132,0.132,0.132,0.132,1E+1,1
1608221940,0.1308,0.1308,0.1308,0.1308,8.21154,1
1608222000,0.1307,0.1307,0.1307,0.1307,0.1,1
1608222660,0.1294,0.1294,0.1294,0.1294,0.1,1
1608224880,0.1301,0.1301,0.1301,0.1301,5.728,1
1608226680,0.1301,0.1301,0.1301,0.1301,0.11,1
1608228300,0.1301,0.1301,0.1297,0.1297,14.97003257,3
1608234600,0.1303,0.1305,0.1303,0.1305,114.6788991,6
1608240240,0.1335,0.1335,0.1335,0.1335,0.5,1
1608240900,0.1335,0.1335,0.1335,0.1335,1,1
1608243600,0.1314,0.1314,0.1314,0.1314,4,1
1608250860,0.13,0.1301,0.13,0.13,91.23665762,7
1608255240,0.1286,0.1286,0.1286,0.1286,2.97406614,1
1608255420,0.1292,0.1292,0.1292,0.1292,2.98258172,1
1608255540,0.1293,0.1293,0.1293,0.1293,2.97902764,1
1608277380,0.132,0.1321,0.132,0.1321,15,2
1608284460,0.133,0.133,0.133,0.133,3,1
1608284880,0.1324,0.1324,0.1324,0.1324,3,1
1608289440,0.1312,0.1312,0.1312,0.1312,3,1
1608290880,0.1315,0.1315,0.1315,0.1315,3,1
1608296340,0.1306,0.1306,0.1306,0.1306,3,1
1608297240,0.131,0.131,0.1309,0.1309,6.17588,3
1608324180,0.1315,0.1315,0.1315,0.1315,0.45,1
1608326220,0.1324,0.1378,0.1324,0.1378,5E+1,7
1608327840,0.133,0.1331,0.133,0.1331,31,4
1608331740,0.1342,0.1342,0.1342,0.1342,0.13293698,1
1608332040,0.1349,0.1349,0.1349,0.1349,7.32564863,2
1608333840,0.1365,0.1366,0.1365,0.1366,2,2
1608337080,0.1386,0.1386,0.1386,0.1386,0.1,1
1608341100,0.1386,0.1386,0.1386,0.1386,0.99848485,1
1608352740,0.1404,0.1404,0.1404,0.1404,7.1225071,2
1608355020,0.14,0.14,0.14,0.14,11.0714286,1
1608355440,0.1383,0.1383,0.1383,0.1383,0.1,1
1608355620,0.1383,0.1384,0.1383,0.1384,22,3
1608363660,0.1387,0.1387,0.1387,0.1387,6.5,2
1608367260,0.14,0.144,0.14,0.144,40.2603769,4
1608367500,0.1403,0.1405,0.1403,0.1405,17.3017379,3
1608373380,0.1408,0.1408,0.1408,0.1408,0.3,1
1608378360,0.146,0.146,0.146,0.146,5,1
1608380580,0.1466,0.1466,0.1466,0.1466,1,1
1608381660,0.1438,0.1438,0.1438,0.1438,0.1,1
1608382620,0.1442,0.1442,0.1442,0.1442,5,1
1608385800,0.1434,0.1434,0.1434,0.1434,0.6,1
1608386880,0.144,0.144,0.144,0.144,3,1
1608388800,0.144,0.1441,0.144,0.1441,5.44,2
1608395100,0.1421,0.1421,0.142,0.142,8.74153827,2
1608395220,0.1413,0.1413,0.1405,0.1405,5.388,2
1608395700,0.1399,0.1399,0.1399,0.1399,1.29314361,2
1608396120,0.1401,0.1401,0.1401,0.1401,2.686105,2
1608398280,0.1402,0.1402,0.1402,0.1402,5.47,3
1608399960,0.139,0.139,0.139,0.139,2.1905036,1
1608401940,0.1383,0.1383,0.1382,0.1382,5.04971333,3
1608402240,0.138,0.138,0.138,0.138,2.755,5
1608402780,0.1382,0.1382,0.1382,0.1382,2.62309995,3
1608403320,0.1385,0.1385,0.1385,0.1385,1,1
1608403380,0.1385,0.1385,0.1385,0.1385,3.29286027,1
1608403500,0.1385,0.1385,0.1385,0.1385,0.383,1
1608403560,0.1385,0.1385,0.1385,0.1385,0.13725462,1
1608404340,0.1391,0.1392,0.1391,0.1392,10.8881553,3
1608405000,0.1393,0.1393,0.1393,0.1393,7.179,1
1608405300,0.1387,0.1387,0.1387,0.1387,4.33942002,5
1608405660,0.1387,0.1387,0.1387,0.1387,13.55720654,9
1608405720,0.1387,0.1387,0.1387,0.1387,1,1
1608405840,0.1387,0.1387,0.1387,0.1387,6.10337344,1
1608405900,0.1387,0.1387,0.1387,0.1387,7.20980534,1
1608406380,0.138,0.138,0.138,0.138,8.08603006,1
1608406440,0.138,0.138,0.138,0.138,3.52678604,1
1608408060,0.1391,0.1391,0.1391,0.1391,7.84751,1
1608408600,0.1391,0.1391,0.1391,0.1391,1.09866202,1
1608408720,0.1388,0.1388,0.1388,0.1388,1.09866,3
1608408780,0.1392,0.1392,0.1392,0.1392,2,1
1608417420,0.1371,0.1371,0.1371,0.1371,0.1,1
1608420120,0.1358,0.1358,0.1358,0.1358,0.99601646,2
1608420960,0.1351,0.1351,0.1351,0.1351,0.1,1
1608422820,0.1331,0.1331,0.1331,0.1331,0.1,1
1608424140,0.1312,0.1312,0.1312,0.1312,0.1,1
1608424320,0.1323,0.1323,0.1323,0.1323,0.1374107,1
1608433020,0.1338,0.1338,0.1338,0.1338,15,3
1608437160,0.1343,0.1343,0.1343,0.1343,1E+1,2
1608440880,0.1378,0.1378,0.1378,0.1378,1.13571945,3
1608443160,0.1372,0.1372,0.1372,0.1372,3.8,1
1608444180,0.1358,0.1358,0.1358,0.1358,0.1,1
1608449160,0.1372,0.1372,0.1372,0.1372,1.13702624,1
1608450480,0.1367,0.1367,0.1367,0.1367,0.55,1
1608455700,0.1347,0.1347,0.1347,0.1347,0.1,1
1608457800,0.1347,0.1347,0.1347,0.1347,4,1
1608458220,0.1348,0.1348,0.1348,0.1348,0.55417182,1
1608458760,0.1347,0.1348,0.1347,0.1348,8,2
1608460200,0.1347,0.1348,0.1347,0.1348,10.5,2
1608466020,0.134,0.134,0.134,0.134,5.753,5
1608469260,0.1328,0.1328,0.1328,0.1328,1,1
1608477600,0.1359,0.1359,0.1359,0.1359,0.7888339,1
1608477660,0.1358,0.1358,0.1358,0.1358,0.198,1
1608480000,0.1343,0.1343,0.1343,0.1343,0.37,1
1608480120,0.1345,0.1345,0.1345,0.1345,1.12,1
1608480540,0.1346,0.1346,0.1346,0.1346,0.88,1
1608483660,0.1354,0.1354,0.1354,0.1354,0.6231,2
1608484740,0.1349,0.1349,0.1349,0.1349,2.19752809,1
1608485340,0.1349,0.1349,0.1349,0.1349,2.2,1
1608487860,0.1352,0.1352,0.1352,0.1352,0.132,1
1608491820,0.1332,0.1332,0.1332,0.1332,0.1,1
1608505140,0.1349,0.1349,0.1349,0.1349,0.5511,1
1608505740,0.1343,0.1343,0.1343,0.1343,0.3622,1
1608511620,0.1337,0.1337,0.1337,0.1337,2.14357738,1
1608512040,0.1336,0.1336,0.1336,0.1336,0.40192075,1
1608514680,0.135,0.135,0.135,0.135,0.17802783,1
1608521520,0.1337,0.1337,0.1337,0.1337,1.6561884,1
1608522540,0.133,0.133,0.133,0.133,0.1,1
1608530160,0.1314,0.1314,0.1314,0.1314,1.20595488,1
1608540900,0.1311,0.1311,0.1311,0.1311,0.23931794,1
1608544560,0.1307,0.1307,0.1307,0.1307,12.74064326,2
1608544800,0.13,0.13,0.13,0.13,0.35206792,1
1608544920,0.13,0.13,0.13,0.13,6.64793208,2
1608545760,0.131,0.131,0.131,0.131,0.19763206,1
1608546120,0.1284,0.1284,0.1282,0.1282,14.92362807,5
1608546180,0.1288,0.1288,0.1288,0.1288,0.14659938,1
1608547020,0.1303,0.1303,0.1303,0.1303,0.17780059,1
1608547380,0.1303,0.1303,0.1303,0.1303,0.17780059,1
1608548460,0.1295,0.1295,0.1295,0.1295,3.10855257,1
1608550080,0.1298,0.1298,0.1298,0.1298,3,1
1608553800,0.1307,0.1309,0.1307,0.1308,69.91998322,11
1608555000,0.1306,0.1306,0.1306,0.1306,0.36387962,1
1608555780,0.1308,0.1309,0.1308,0.1309,0.00001678,2
1608555840,0.1317,0.1318,0.1317,0.1318,7.5920144,2
1608563760,0.1336,0.1336,0.1336,0.1336,3.14119063,1
1608563940,0.1373,0.1373,0.1373,0.1373,0.71314285,1
1608564060,0.1366,0.1366,0.1366,0.1366,1.5,1
1608571860,0.1317,0.1317,0.1317,0.1317,1.80977899,2
1608573600,0.132,0.132,0.1319,0.1319,6.43657,2
1608573660,0.1318,0.1318,0.1318,0.1318,9.96938,1
1608575700,0.1328,0.1328,0.1328,0.1328,0.24737204,1
1608578160,0.1346,0.1346,0.1346,0.1346,2.38577945,1
1608578640,0.1346,0.1346,0.1346,0.1346,1.10791387,1
1608578760,0.1349,0.1349,0.1347,0.1347,1.50245427,2
1608578880,0.1355,0.1355,0.1355,0.1355,1,1
1608579480,0.1356,0.1356,0.1356,0.1356,1,1
1608579720,0.1367,0.1367,0.1367,0.1367,0.1036014,1
1608580080,0.137,0.137,0.137,0.137,2,2
1608580380,0.1359,0.1359,0.1359,0.1359,4.13494684,1
1608581460,0.1349,0.1349,0.1349,0.1349,2.62,2
1608582660,0.1349,0.1349,0.1349,0.1349,16,1
1608587520,0.1347,0.1347,0.1347,0.1347,1.87206199,2
1608587580,0.1348,0.1348,0.1348,0.1348,4.16278965,1
1608589620,0.1339,0.1339,0.1339,0.1339,4.40847465,1
1608596940,0.1332,0.1333,0.1332,0.1333,14.93652,3
1608616260,0.1313,0.1313,0.1313,0.1313,0.1,1
1608616920,0.131,0.131,0.131,0.131,0.24862712,1
1608617280,0.1305,0.1305,0.1305,0.1305,0.14136338,1
1608621120,0.131,0.131,0.131,0.131,1,2
1608623100,0.1314,0.1314,0.1314,0.1314,17.60882769,2
1608624900,0.1295,0.1295,0.1295,0.1295,0.1,1
1608625260,0.1294,0.1294,0.1294,0.1294,1,1
1608626880,0.13,0.13,0.13,0.13,11.11457048,3
1608627540,0.1305,0.1305,0.1305,0.1305,1.13702624,3
1608631800,0.1311,0.1311,0.1311,0.1311,1,1
1608636000,0.1308,0.1308,0.1308,0.1308,2.99999995,3
1608642300,0.1319,0.1319,0.1319,0.1319,0.11016061,1
1608648420,0.133,0.133,0.133,0.133,1,1
1608651360,0.133,0.133,0.133,0.133,1,1
1608663660,0.1324,0.1324,0.1324,0.1324,2,1
1608667560,0.1351,0.1351,0.1351,0.1351,0.10256953,1
1608667800,0.1359,0.1359,0.1359,0.1359,0.18330547,3
1608667860,0.1364,0.1364,0.1364,0.1364,1.08475073,1
1608667920,0.1367,0.1367,0.1367,0.1367,0.1,1
1608667980,0.1372,0.1372,0.1372,0.1372,1.4471416,1
1608669480,0.1351,0.1351,0.1351,0.1351,1.08475073,3
1608669720,0.1356,0.1356,0.1356,0.1356,1.42758112,2
1608671580,0.135,0.135,0.135,0.135,1,1
1608678000,0.133,0.133,0.133,0.133,0.1,1
1608680640,0.134,0.134,0.134,0.134,1.09059702,2
1608685380,0.132,0.132,0.132,0.132,0.1,1
1608700680,0.1282,0.1282,0.1282,0.1282,0.1,1
1608700740,0.1282,0.1282,0.1282,0.1282,0.1001,1
1608701940,0.1286,0.1286,0.1286,0.1286,0.246553,1
1608702600,0.1282,0.1282,0.1282,0.1282,1,1
1608707400,0.1282,0.1282,0.1282,0.1282,9.87110125,1
1608707940,0.1281,0.1281,0.1281,0.1281,3,1
1608709140,0.1292,0.1292,0.1292,0.1292,0.77,2
1608710220,0.1302,0.1302,0.1302,0.1302,0.12511832,1
1608715980,0.1301,0.1301,0.1301,0.1301,5.783121,1
1608716400,0.1299,0.1299,0.1298,0.1298,19.29830099,4
1608718620,0.1293,0.1293,0.1293,0.1293,6.02999992,3
1608721080,0.1281,0.1281,0.1281,0.1281,0.45024579,1
1608722100,0.1283,0.1283,0.1283,0.1283,0.14229562,1
1608727860,0.1277,0.1277,0.1277,0.1277,1,1
1608728700,0.1267,0.1267,0.1267,0.1267,1,1
1608730500,0.127,0.127,0.127,0.127,1,1
1608732300,0.1274,0.1274,0.1274,0.1274,2.15474811,1
1608734520,0.1279,0.1279,0.1279,0.1279,0.5,1
1608739140,0.1261,0.1261,0.1261,0.1261,1,1
1608740040,0.1246,0.1246,0.1246,0.1246,1.80611278,1
1608742620,0.1258,0.1258,0.1258,0.1258,0.23876903,1
1608743460,0.1256,0.1256,0.1256,0.1256,6.14401372,1
1608743520,0.1256,0.1256,0.1256,0.1256,6.1374312,1
1608743580,0.1256,0.1256,0.1256,0.1256,67.33638948,3
1608748560,0.1258,0.1258,0.1258,0.1258,0.21891892,1
1608749640,0.1265,0.1265,0.1265,0.1265,2.01364457,1
1608749700,0.1269,0.144,0.1269,0.144,68.30116542,13
1608750000,0.1269,0.1269,0.1269,0.1269,0.1,1
1608753720,0.1261,0.1261,0.1261,0.1261,0.15455004,1
1608754800,0.1259,0.1259,0.1259,0.1259,0.24479039,1
1608754980,0.1255,0.1255,0.125,0.125,0.79164648,2
1608756600,0.1236,0.1236,0.1236,0.1236,0.61592282,1
1608756660,0.1237,0.1237,0.1237,0.1237,0.8064516,1
1608756960,0.1237,0.1237,0.1237,0.1237,0.1935484,1
1608758880,0.1233,0.1233,0.1233,0.1233,0.52830495,1
1608760200,0.1234,0.1234,0.1234,0.1234,1.00660208,3
1608761820,0.1217,0.1217,0.1217,0.1217,0.94808219,4
1608762000,0.1188,0.1188,0.1188,0.1188,6.01654638,1
1608762060,0.1184,0.1184,0.1184,0.1184,1.14422778,4
1608762240,0.1149,0.1149,0.1149,0.1149,9.07977,1
1608762300,0.1174,0.1182,0.1174,0.1182,1.44629736,2
1608762360,0.1199,0.1217,0.1199,0.1217,21.38070754,6
1608762420,0.1216,0.1216,0.1216,0.1216,4.69108509,4
1608762960,0.1227,0.1229,0.1225,0.1227,68.14128042,10
1608763020,0.1225,0.1228,0.1225,0.1228,6.45177837,2
1608763140,0.1231,0.1233,0.1231,0.1233,5.48595466,4
1608763200,0.1298,0.1298,0.1298,0.1298,6,1
1608764040,0.1236,0.1247,0.1236,0.1247,0.21454271,2
1608764280,0.1244,0.1244,0.1244,0.1244,0.21742302,1
1608764580,0.1274,0.1274,0.1274,0.1274,8.23604489,1
1608764940,0.1297,0.1297,0.1297,0.1297,0.657,1
1608766980,0.1289,0.1289,0.1289,0.1289,0.10394036,1
1608767520,0.129,0.129,0.129,0.129,0.14317348,1
1608767760,0.1293,0.1293,0.1293,0.1293,0.664,1
1608768420,0.1294,0.1294,0.1294,0.1294,0.25498107,1
1608769560,0.1274,0.1274,0.1274,0.1274,0.2,3
1608769740,0.1275,0.1275,0.1275,0.1275,1.61119561,1
1608769800,0.128,0.128,0.128,0.128,1.0037541,1
1608769860,0.1277,0.1277,0.1277,0.1277,3.62398172,3
1608769920,0.1273,0.1273,0.1273,0.1273,0.30240127,1
1608770460,0.1269,0.1269,0.1269,0.1269,0.72220513,1
1608770640,0.1262,0.1262,0.1262,0.1262,0.74390591,1
1608770700,0.126,0.126,0.126,0.126,0.73600038,1
1608772080,0.1277,0.1277,0.1277,0.1277,0.41622625,1
1608772740,0.128,0.128,0.128,0.128,6.24617213,1
1608774540,0.1287,0.1287,0.1287,0.1287,1.09748172,3
1608774840,0.1292,0.1292,0.1292,0.1292,0.18510403,1
1608777480,0.1284,0.1284,0.1284,0.1284,0.35844569,1
1608778500,0.1286,0.1286,0.1286,0.1286,1.09525661,1
1608779040,0.1299,0.1299,0.1299,0.1299,0.11091581,1
1608780060,0.1292,0.1292,0.1292,0.1292,0.15166721,1
1608782520,0.1304,0.1304,0.1304,0.1304,0.2016257,1
1608783540,0.1296,0.1296,0.1282,0.1282,30.01884451,5
1608786420,0.1263,0.1263,0.1263,0.1263,0.1,1
1608789660,0.1275,0.1275,0.1275,0.1275,0.24363974,1
1608792000,0.1251,0.1251,0.1251,0.1251,0.32935073,1
1608792720,0.1244,0.1244,0.1244,0.1244,0.1,1
1608793140,0.1249,0.125,0.1249,0.125,13.9,2
1608797940,0.1283,0.1283,0.1283,0.1283,1,1
1608800400,0.1299,0.1299,0.1299,0.1299,0.18536623,1
1608804780,0.1302,0.1302,0.1302,0.1302,0.65069124,1
1608810900,0.1302,0.1302,0.1302,0.1302,0.21898706,1
1608811320,0.1317,0.1317,0.1317,0.1317,0.2,1
1608811380,0.1316,0.1316,0.1316,0.1316,27,3
1608813180,0.1306,0.1306,0.1306,0.1306,0.3,1
1608817020,0.1291,0.1291,0.1291,0.1291,13.77651674,1
1608817140,0.1297,0.1297,0.1297,0.1297,1.09471082,3
1608817500,0.1307,0.1307,0.1307,0.1307,7.98620576,1
1608821580,0.1328,0.1328,0.1328,0.1328,0.26808035,1
1608822420,0.1333,0.1333,0.1333,0.1333,0.2,1
1608823020,0.1335,0.1335,0.1333,0.1333,0.79999999,4
1608830100,0.1313,0.1313,0.1313,0.1313,0.1,1
1608830160,0.1296,0.1296,0.1296,0.1296,6.07561702,2
1608830220,0.1313,0.1313,0.1313,0.1313,0.0001,1
1608831960,0.1318,0.1318,0.1318,0.1318,5.93146973,1
1608833160,0.1307,0.1307,0.1307,0.1307,0.28957848,1
1608834960,0.1308,0.1308,0.1308,0.1308,1,1
1608840360,0.1297,0.1297,0.1297,0.1297,0.13128085,1
1608842820,0.1299,0.1299,0.1299,0.1299,7.69823,1
1608844020,0.1292,0.1292,0.1292,0.1292,3,1
1608844560,0.1289,0.1289,0.1289,0.1289,2,2
1608846000,0.129,0.129,0.129,0.129,0.24302326,1
1608848280,0.13,0.13,0.13,0.13,0.24302326,3
1608850200,0.1295,0.1296,0.1295,0.1296,10.86,3
1608851160,0.1305,0.1305,0.1305,0.1305,2,1
1608853320,0.1312,0.1312,0.1312,0.1312,0.10303177,1
1608861000,0.13,0.13,0.13,0.13,0.7692308,1
1608864180,0.1278,0.1278,0.1278,0.1278,0.67878659,1
1608864480,0.1282,0.1282,0.1282,0.1282,0.16797368,1
1608865200,0.1287,0.1287,0.1284,0.1284,8.79751127,2
1608881040,0.1279,0.1279,0.1279,0.1279,3.5,1
1608882360,0.1276,0.1276,0.1276,0.1276,0.16045527,1
1608896160,0.1285,0.1285,0.1285,0.1285,0.4,1
1608898140,0.1291,0.1291,0.1291,0.1291,0.5,1
1608905100,0.1266,0.1266,0.1266,0.1266,9.87361769,1
1608907500,0.1259,0.1259,0.1259,0.1259,0.4,1
1608913260,0.1269,0.1269,0.1269,0.1269,0.68288446,1
1608914640,0.1267,0.1267,0.1267,0.1267,8.62580233,1
1608916320,0.1248,0.1248,0.1248,0.1248,0.1,1
1608917940,0.1241,0.1241,0.1241,0.1241,7.99999997,4
1608923040,0.124,0.124,0.124,0.124,0.99999998,3
1608928320,0.1247,0.1247,0.1247,0.1247,1,1
1608936540,0.1266,0.1266,0.1266,0.1266,0.1,1
1608936840,0.1267,0.1267,0.1267,0.1267,0.1955751,1
1608938100,0.1277,0.1277,0.1277,0.1277,1,1
1608938700,0.1275,0.1275,0.1275,0.1275,0.31,1
1608974940,0.1235,0.1235,0.1235,0.1235,0.43207593,1
1608976080,0.1238,0.1238,0.1238,0.1238,0.21678094,1
1608983040,0.1236,0.1236,0.1236,0.1236,0.10618687,1
1608987060,0.1224,0.1224,0.1224,0.1224,0.17817405,1
1608989760,0.1229,0.1229,0.1229,0.1229,3.26263995,4
1608990360,0.1227,0.1227,0.1227,0.1227,3.15999994,3
1608996660,0.1209,0.1209,0.1209,0.1209,0.1,1
1608996960,0.1191,0.1191,0.1191,0.1191,0.1,1
1608999540,0.1191,0.1191,0.1191,0.1191,0.0001,1
1608999720,0.1198,0.1198,0.1198,0.1198,8.3342607,1
1609000020,0.1204,0.1204,0.1204,0.1204,0.35065852,1
1609000140,0.1209,0.1209,0.1209,0.1209,1.49354372,1
1609001220,0.1199,0.1199,0.1199,0.1199,4.99999991,3
1609006980,0.1207,0.1207,0.1207,0.1207,1,1
1609013880,0.1176,0.1176,0.1176,0.1176,0.17827244,1
1609014060,0.118,0.118,0.118,0.118,1,1
1609020600,0.1176,0.1176,0.1176,0.1176,1.77788663,1
1609021080,0.1183,0.1183,0.1183,0.1183,1.06512009,1
1609029540,0.1179,0.1179,0.1179,0.1179,4.44362019,1
1609030200,0.1177,0.1177,0.1177,0.1177,0.45999999,3
1609033560,0.1174,0.1174,0.1174,0.1174,1,2
1609033980,0.1174,0.1174,0.1174,0.1174,0.10626421,1
1609035000,0.1177,0.1177,0.1177,0.1177,0.25,2
1609035240,0.1179,0.1179,0.1179,0.1179,0.44,1
1609038360,0.1189,0.1189,0.1189,0.1189,0.25,1
1609067880,0.1158,0.1158,0.1158,0.1158,0.25214851,1
1609069920,0.1164,0.1165,0.1164,0.1165,4.50185257,2
1609070040,0.1165,0.1165,0.1164,0.1164,1.98519042,2
1609070520,0.1164,0.1164,0.1164,0.1164,97,5
1609071120,0.1167,0.1167,0.1167,0.1167,1.09251543,3
1609071300,0.1172,0.1172,0.1172,0.1172,1,1
1609072680,0.1163,0.1163,0.1163,0.1163,0.2375316,1
1609074660,0.1156,0.1156,0.1156,0.1156,0.8605852,1
1609077780,0.1165,0.1165,0.1165,0.1165,0.15065322,1
1609077900,0.1167,0.1167,0.1167,0.1167,0.26329858,1
1609078260,0.1161,0.1161,0.1161,0.1161,0.17008632,1
1609078860,0.1168,0.1168,0.1168,0.1168,0.10945373,1
1609080240,0.1139,0.1139,0.1139,0.1139,0.1,1
1609081560,0.1128,0.1128,0.1128,0.1128,6.394,1
1609081920,0.1145,0.1196,0.1145,0.1196,16.0807313,4
1609085040,0.1145,0.1145,0.1145,0.1145,0.34008502,1
1609086120,0.1136,0.1136,0.1136,0.1136,1.16268111,1
1609086300,0.1139,0.1139,0.1139,0.1139,0.94798,1
1609086900,0.114,0.114,0.114,0.114,1.01540523,1
1609089180,0.1132,0.1132,0.1132,0.1132,0.5,1
1609089240,0.1134,0.1134,0.1134,0.1134,0.23231883,1
1609089420,0.113,0.113,0.113,0.113,0.1556154,1
1609089900,0.1134,0.1134,0.1134,0.1134,0.44828577,1
1609090920,0.1142,0.1142,0.1142,0.1142,8.5422459,1
1609091940,0.1143,0.1143,0.1143,0.1143,7.4,1
1609094340,0.113,0.113,0.113,0.113,8.60457683,7
1609096920,0.1133,0.1133,0.1133,0.1133,0.12689158,1
1609098540,0.1127,0.1127,0.1127,0.1127,8.64452426,1
1609101840,0.1126,0.1126,0.1126,0.1126,17.7619893,1
1609101900,0.1124,0.1124,0.1124,0.1124,0.22441122,1
1609105440,0.1145,0.1146,0.1145,0.1146,52,4
1609109640,0.1134,0.1134,0.1132,0.1132,51.99999993,9
1609112580,0.1133,0.1133,0.1133,0.1133,0.19632875,1
1609113660,0.1116,0.1116,0.1116,0.1116,0.1,1
1609113780,0.1116,0.1116,0.1116,0.1116,0.1002,2
1609119420,0.1151,0.1151,0.1151,0.1151,5.1,1
1609132980,0.1124,0.1124,0.1124,0.1124,2.87878678,1
1609135020,0.1117,0.1117,0.1117,0.1117,2.40584489,3
1609138920,0.1133,0.1133,0.1133,0.1133,1.86367217,1
1609141080,0.1126,0.1126,0.1126,0.1126,0.13314021,1
1609144980,0.1141,0.1141,0.1141,0.1141,3.79,1
1609146120,0.1149,0.1149,0.1149,0.1149,1,1
1609147260,0.1145,0.1146,0.1145,0.1146,16.5,3
1609148220,0.1147,0.1147,0.1147,0.1147,0.24829565,1
1609151820,0.1162,0.1162,0.1162,0.1162,0.17550223,1
1609152120,0.1163,0.1163,0.1163,0.1163,7.75557,2
1609152300,0.1156,0.1156,0.1156,0.1156,9.53952,1
1609153860,0.1168,0.1168,0.1168,0.1168,3,1
1609158780,0.1168,0.1168,0.1167,0.1167,15.77581434,2
1609164120,0.1155,0.1155,0.1155,0.1155,0.25,1
1609164300,0.1157,0.1158,0.1157,0.1158,25,3
1609165980,0.1159,0.1159,0.1159,0.1159,0.20480714,1
1609167960,0.1152,0.1171,0.1152,0.1171,21.61084268,3
1609168020,0.1148,0.1148,0.1148,0.1148,0.45693981,2
1609168080,0.115,0.115,0.1146,0.1146,0.91388239,2
1609168920,0.1141,0.1141,0.1141,0.1141,0.80761498,1
1609168980,0.1144,0.1144,0.1144,0.1144,0.50049027,1
1609170240,0.1137,0.1137,0.1137,0.1137,9.65227,1
1609173480,0.1122,0.1122,0.1122,0.1122,0.10376364,1
1609173900,0.1117,0.1117,0.1117,0.1117,0.10339111,1
1609174020,0.1113,0.1113,0.1113,0.1113,3.99409993,3
1609177920,0.113,0.113,0.113,0.113,1E+2,7
1609178940,0.1121,0.1121,0.1121,0.1121,1.11698762,1
1609179060,0.1119,0.1119,0.1119,0.1119,0.6611916,1
1609179180,0.1117,0.1117,0.1117,0.1117,0.66237547,1
1609182780,0.1122,0.1122,0.1122,0.1122,0.66237547,1
1609182840,0.1124,0.1124,0.1124,0.1124,0.6611916,1
1609183140,0.1126,0.1126,0.1126,0.1126,0.66001196,1
1609184040,0.1128,0.1128,0.1128,0.1128,0.66001196,1
1609184580,0.1124,0.1124,0.1124,0.1124,0.10693561,1
1609187100,0.1123,0.1123,0.1123,0.1123,0.65883651,2
1609187460,0.1128,0.1128,0.1128,0.1128,0.65883651,1
1609187700,0.1123,0.1123,0.1123,0.1123,0.65883651,2
1609187760,0.1121,0.1121,0.1121,0.1121,0.66001196,2
1609188540,0.1126,0.1126,0.1126,0.1126,0.66001196,1
1609188600,0.1128,0.1128,0.1128,0.1128,0.65883651,1
1609188660,0.113,0.113,0.113,0.113,0.66001196,1
1609190340,0.1132,0.1132,0.1132,0.1132,0.66001196,1
1609190820,0.113,0.113,0.113,0.113,0.34039322,1
1609190880,0.113,0.113,0.113,0.113,3.77163255,5
1609191540,0.1127,0.1127,0.1127,0.1127,0.65649814,1
1609194780,0.1132,0.1132,0.1132,0.1132,0.65649814,2
1609195200,0.1127,0.1127,0.1127,0.1127,0.65649814,1
1609195320,0.1125,0.1125,0.1125,0.1125,0.65766525,1
1609195440,0.1123,0.1123,0.1121,0.1121,1.31884847,2
1609195560,0.1119,0.1119,0.1119,0.1119,0.6611916,1
1609195620,0.1117,0.1117,0.1114,0.1114,1.32653472,2
1609195680,0.1117,0.1117,0.1117,0.1117,0.20475017,1
1609195860,0.1119,0.1119,0.1119,0.1119,0.66415925,1
1609196580,0.1114,0.1114,0.111,0.111,1.99606565,3
1609196700,0.1108,0.1108,0.1106,0.1106,1.33671907,2
1609197720,0.1104,0.1104,0.1104,0.1104,0.67017518,2
1609198140,0.1109,0.1109,0.1109,0.1109,1.91971385,2
1609198260,0.1111,0.1113,0.1111,0.1113,1.33671907,2
1609198320,0.1115,0.1115,0.1115,0.1115,0.66655262,1
1609198500,0.1117,0.1117,0.1117,0.1117,0.40257507,1
1609199040,0.1117,0.1119,0.1117,0.1119,0.92693796,2
1609200000,0.1122,0.1122,0.1122,0.1122,0.66237547,1
1609200060,0.1124,0.1124,0.1124,0.1124,0.6611916,1
1609200120,0.1126,0.1126,0.1126,0.1126,0.66001196,1
1609201800,0.1121,0.1121,0.1121,0.1121,0.66001196,1
1609201860,0.1119,0.1119,0.1117,0.1117,1.32356707,2
1609202220,0.1114,0.1114,0.1114,0.1114,0.66415925,1
1609203660,0.1112,0.1112,0.111,0.111,1.3319064,2
1609204080,0.1115,0.1115,0.1115,0.1115,0.66655262,1
1609204140,0.111,0.111,0.111,0.111,0.66655262,1
1609204200,0.1108,0.1108,0.1107,0.1107,1.14255887,2
1609204260,0.1106,0.1106,0.1106,0.1106,0.66896329,1
1609204560,0.1111,0.1111,0.1111,0.1111,0.66896329,1
1609204620,0.1113,0.1113,0.1113,0.1113,0.66775578,1
1609208640,0.1115,0.1115,0.1115,0.1115,0.66655262,1
1609208700,0.1117,0.1117,0.1117,0.1117,0.66535378,2
1609208760,0.1119,0.1119,0.1119,0.1119,0.66415925,1
1609209000,0.1122,0.1122,0.1122,0.1122,0.25,1
1609211220,0.1114,0.1114,0.1114,0.1114,0.66415925,1
1609212300,0.1112,0.1112,0.1112,0.1112,0.66535378,1
1609212540,0.1117,0.1117,0.1117,0.1117,0.66535378,1
1609213560,0.1119,0.1119,0.1119,0.1119,0.66415925,1
1609213800,0.1114,0.1114,0.1114,0.1114,0.25,1
1609214760,0.1122,0.1122,0.1122,0.1122,0.41237547,1
1609215000,0.1118,0.1118,0.1118,0.1118,5.87128808,1
1609215540,0.1117,0.1117,0.1117,0.1117,0.66237547,1
1609216020,0.1114,0.1114,0.1112,0.1112,1.07951303,2
1609216560,0.111,0.111,0.111,0.111,0.66655262,1
1609216860,0.1108,0.1108,0.1108,0.1108,0.66775578,1
1609217040,0.1106,0.1106,0.1106,0.1106,0.66896329,1
1609217160,0.1104,0.1104,0.1104,0.1104,0.67017518,1
1609217940,0.1102,0.1102,0.1102,0.1102,0.67139147,1
1609218960,0.1103,0.1103,0.1103,0.1103,21.3225748,1
1609219860,0.1107,0.1107,0.1107,0.1107,0.67139147,1
1609220400,0.1102,0.1102,0.1102,0.1102,0.44028954,3
1609221600,0.1102,0.1102,0.1101,0.1101,0.48886835,2
1609221660,0.1099,0.1099,0.1099,0.1099,0.67322421,1
1609221840,0.1102,0.1102,0.1102,0.1102,5,2
1609223040,0.1097,0.1097,0.1095,0.1095,1.35013507,2
1609223220,0.1093,0.1093,0.1093,0.1093,0.67691986,1
1609224480,0.1098,0.1098,0.1098,0.1098,0.67691986,1
1609225920,0.11,0.11,0.11,0.11,0.67568347,1
1609226880,0.1095,0.1095,0.1093,0.1093,1.35260333,3
1609227000,0.1091,0.1091,0.1091,0.1091,0.67816077,1
1609230180,0.1096,0.1098,0.1096,0.1098,1.35508063,2
1609231140,0.11,0.11,0.11,0.11,0.67568347,2
1609231200,0.1102,0.1102,0.1102,0.1102,0.6744516,1
1609231440,0.1097,0.1097,0.1097,0.1097,0.6744516,1
1609231980,0.1095,0.1095,0.1095,0.1095,0.67568347,1
1609233480,0.11,0.11,0.11,0.11,0.67568347,1
1609233600,0.1102,0.1102,0.1102,0.1102,0.6744516,1
1609233660,0.1104,0.1104,0.1104,0.1104,0.67322421,1
1609234260,0.1107,0.1107,0.1107,0.1107,4,2
1609234380,0.1102,0.1102,0.1099,0.1099,1.34461568,2
1609234440,0.1097,0.1097,0.1097,0.1097,0.6744516,1
1609235820,0.1102,0.1102,0.1102,0.1102,0.6744516,1
1609235940,0.1104,0.1104,0.1104,0.1104,0.67322421,1
1609236060,0.1107,0.1107,0.1107,0.1107,0.66835899,1
1609236300,0.1102,0.1102,0.1102,0.1102,0.67139147,2
1609236600,0.1099,0.1099,0.1099,0.1099,0.67322421,1
1609236660,0.1097,0.1097,0.1097,0.1097,0.6744516,1
1609237320,0.1095,0.1095,0.1095,0.1095,0.67568347,1
1609238100,0.11,0.11,0.11,0.11,0.67568347,1
1609238280,0.1098,0.1098,0.1098,0.1098,1,1
1609239420,0.1099,0.1099,0.1099,0.1099,5.8930676,1
1609239960,0.1095,0.1095,0.1095,0.1095,0.67568347,1
1609240260,0.1093,0.1093,0.1089,0.1089,41.12283494,6
1609240320,0.1087,0.1087,0.1087,0.1087,0.6806563,1
1609241520,0.1085,0.1085,0.1085,0.1085,0.68191097,1
1609245120,0.1083,0.1083,0.1083,0.1083,0.68317027,1
1609245180,0.108,0.108,0.1078,0.1078,1.37140693,2
1609245480,0.1083,0.1083,0.1083,0.1083,0.68633896,1
1609245660,0.1085,0.1085,0.1085,0.1085,0.68506797,1
1609245780,0.108,0.108,0.108,0.108,0.68506797,1
1609245840,0.108,0.1081,0.1078,0.1078,15.68633896,3
1609245900,0.1076,0.1076,0.1076,0.1076,0.68761469,1
1609245960,0.1074,0.1074,0.1074,0.1074,0.68889516,1
1609247520,0.1072,0.1072,0.1072,0.1072,0.69018041,1
1609249320,0.107,0.107,0.107,0.107,0.69147047,1
1609251480,0.1075,0.1075,0.1075,0.1075,0.69147047,1
1609252260,0.107,0.107,0.107,0.107,9.99999996,6
1609252860,0.1075,0.1075,0.1075,0.1075,0.69147047,1
1609254180,0.1077,0.1077,0.1077,0.1077,0.69018041,1
1609255560,0.1079,0.1079,0.1079,0.1079,0.68889516,1
1609256340,0.1074,0.1074,0.1074,0.1074,0.68889516,1
1609256400,0.1072,0.1072,0.1072,0.1072,0.69018041,1
1609256520,0.1071,0.1071,0.1071,0.1071,10.4077,1
1609256580,0.1071,0.1072,0.107,0.107,49.69147047,7
1609256700,0.107,0.107,0.107,0.107,14.09324303,4
1609256760,0.1068,0.1068,0.1068,0.1068,6.16093015,3
1609257240,0.1066,0.1066,0.1066,0.1066,0.69406511,1
1609257840,0.1064,0.1064,0.1064,0.1064,0.33910261,1
1609257900,0.1064,0.1064,0.1062,0.1062,1.25585499,4
1609257960,0.106,0.106,0.106,0.106,0.69799378,1
1609258920,0.1065,0.1065,0.1065,0.1065,0.69799378,1
1609258980,0.1067,0.1067,0.1067,0.1067,0.69667929,1
1609259640,0.1062,0.1062,0.1062,0.1062,0.69667929,1
1609259760,0.106,0.106,0.106,0.106,0.69799378,1
1609261380,0.1058,0.1058,0.1058,0.1058,0.69931324,1
1609261800,0.1056,0.1056,0.1056,0.1056,0.70063769,1
1609263240,0.1061,0.1061,0.1061,0.1061,0.70063769,1
1609263540,0.1063,0.1063,0.1063,0.1063,0.69931324,1
1609264560,0.1058,0.1058,0.1058,0.1058,0.69931324,1
1609264860,0.1056,0.1056,0.1056,0.1056,0.70063769,1
1609264920,0.1054,0.1054,0.1054,0.1054,0.70196718,1
1609265880,0.1059,0.1059,0.1059,0.1059,0.70196718,1
1609266780,0.1061,0.1061,0.1061,0.1061,0.70063769,1
1609267380,0.1063,0.1063,0.1063,0.1063,0.65026872,1
1609267980,0.1063,0.1063,0.1063,0.1063,0.04904452,1
1609268100,0.1065,0.1065,0.1065,0.1065,0.69799378,1
1609268700,0.1067,0.1067,0.1067,0.1067,0.8434864,2
1609269120,0.1069,0.1069,0.1069,0.1069,0.69536974,1
1609269300,0.1065,0.1065,0.1065,0.1065,0.12092284,1
1609269420,0.1065,0.1065,0.1065,0.1065,0.31192488,1
1609269480,0.1064,0.1064,0.1064,0.1064,0.69536974,1
1609270800,0.1069,0.1069,0.1069,0.1069,0.69536974,1
1609270860,0.1071,0.1071,0.1071,0.1071,0.69406511,1
1609270920,0.1073,0.1073,0.1073,0.1073,0.69276536,1
1609271760,0.1075,0.1076,0.1075,0.1076,1E+1,3
1609272000,0.107,0.107,0.107,0.107,0.69147047,2
1609272180,0.1068,0.1068,0.1058,0.1058,4.17618652,7
1609272540,0.1063,0.1063,0.1063,0.1063,0.69931324,1
1609273080,0.1065,0.1065,0.1065,0.1065,0.69799378,1
1609273620,0.106,0.106,0.106,0.106,0.69799378,1
1609274820,0.1058,0.1058,0.1056,0.1056,1.39995093,2
1609275060,0.1054,0.1054,0.1054,0.1054,0.70196718,1
1609276080,0.1055,0.1055,0.1055,0.1055,0.528,1
1609276740,0.1059,0.1059,0.1059,0.1059,0.70196718,1
1609276920,0.1061,0.1065,0.1061,0.1065,10.69733591,4
1609277640,0.106,0.106,0.106,0.106,0.69799378,1
1609281240,0.1064,0.1064,0.1064,0.1064,0.51921076,3
1609284540,0.1058,0.1058,0.1058,0.1058,0.69931324,1
1609284840,0.1056,0.1056,0.1056,0.1056,0.70063769,1
1609284960,0.1054,0.1054,0.1054,0.1054,0.70196718,1
1609285020,0.1052,0.1052,0.1052,0.1052,0.70330171,1
1609285080,0.1052,0.1052,0.1052,0.1052,0.1422245,3
1609285200,0.1052,0.1052,0.105,0.105,22.49999998,7
1609285500,0.1055,0.1055,0.1055,0.1055,0.70464134,1
1609285560,0.1057,0.1057,0.1057,0.1057,0.70330171,1
1609285740,0.1059,0.1061,0.1059,0.1061,1.40260487,2
1609285800,0.1063,0.1063,0.1063,0.1063,0.69931324,1
1609285920,0.1065,0.1065,0.1065,0.1065,0.1,1
1609286160,0.1065,0.1065,0.1065,0.1065,0.59799378,1
1609286940,0.106,0.106,0.106,0.106,0.69799378,1
1609287060,0.1058,0.1058,0.1056,0.1056,1.39995093,2
1609287240,0.1054,0.1054,0.1054,0.1054,0.70196718,1
1609287420,0.1052,0.1052,0.105,0.105,1.40794305,2
1609289160,0.1055,0.1055,0.1055,0.1055,0.70464134,1
1609289400,0.1057,0.1057,0.1057,0.1057,0.70330171,1
1609289460,0.1058,0.1058,0.1058,0.1058,9.41217833,1
1609290000,0.1059,0.1059,0.1059,0.1059,0.70196718,1
1609290540,0.1055,0.1055,0.1055,0.1055,2.81856536,5
1609290600,0.1054,0.1054,0.1054,0.1054,0.70196718,1
1609292040,0.1059,0.1059,0.1059,0.1059,0.70196718,1
1609294320,0.1054,0.1054,0.1052,0.1052,1.40526889,2
1609294920,0.1057,0.1057,0.1057,0.1057,0.70330171,1
1609295520,0.1059,0.1059,0.1059,0.1059,0.70196718,1
1609295580,0.1061,0.1061,0.1061,0.1061,0.70063769,1
1609295640,0.1063,0.1063,0.1063,0.1063,0.69931324,1
1609295760,0.1065,0.1065,0.1065,0.1065,0.69799378,1
1609296120,0.1067,0.1067,0.1067,0.1067,0.69667929,1
1609296180,0.1069,0.1071,0.1069,0.1071,1.38943485,2
1609296240,0.1073,0.1075,0.1073,0.1075,1.38423583,2
1609296300,0.1077,0.1077,0.1077,0.1077,0.69018041,1
1609297380,0.1072,0.1072,0.1072,0.1072,0.69018041,1
1609297560,0.1077,0.1077,0.1077,0.1077,0.69018041,1
1609297800,0.1079,0.1079,0.1079,0.1079,0.68889516,1
1609297980,0.1081,0.1081,0.1081,0.1081,0.68761469,1
1609298040,0.1083,0.1083,0.1083,0.1083,0.68633896,1
1609298160,0.1085,0.1085,0.1085,0.1085,0.68506797,1
1609298220,0.1088,0.109,0.1088,0.109,1.36508124,2
1609298400,0.1092,0.1092,0.1092,0.1092,0.6806563,1
1609298580,0.1094,0.1094,0.1094,0.1094,0.67940625,1
1609298700,0.1096,0.1102,0.1096,0.1102,5.5499812,5
1609298760,0.1104,0.1107,0.1104,0.1107,1.34461568,2
1609298820,0.1109,0.1109,0.1109,0.1109,0.67017518,1
1609299600,0.1111,0.1113,0.1111,0.1113,1.33671907,2
1609299660,0.1113,0.1115,0.1113,0.1115,5.76655253,4
1609299720,0.1117,0.1119,0.1117,0.1119,1.32951303,2
1609299840,0.1122,0.1122,0.1122,0.1122,0.66237547,1
1609300260,0.1117,0.1117,0.1117,0.1117,0.66237547,1
1609301160,0.1122,0.1122,0.1122,0.1122,0.66237547,1
1609301280,0.1124,0.1128,0.1124,0.1128,1.98004007,3
1609301340,0.113,0.1132,0.113,0.1132,1.31416339,2
1609301460,0.1135,0.1135,0.1135,0.1135,0.66001196,1
1609301580,0.113,0.113,0.113,0.113,0.65475522,1
1609301640,0.1135,0.1137,0.1135,0.1137,1.31476718,2
1609301700,0.1139,0.1143,0.1139,0.1143,1.98003588,3
1609302300,0.1146,0.1147,0.1146,0.1147,1.13726147,2
1609302360,0.1148,0.1154,0.1148,0.1154,2.64004784,4
1609302660,0.1157,0.116,0.1157,0.116,1.78818871,5
1609302720,0.1161,0.1161,0.1161,0.1161,0.66001196,1
1609302780,0.1163,0.1163,0.1163,0.1163,0.66001196,1
1609302960,0.1163,0.1163,0.1163,0.1163,0.1,1
1609303260,0.1158,0.1158,0.1158,0.1158,0.63892349,1
1609303320,0.1156,0.1156,0.1154,0.1154,1.28116703,2
1609303440,0.1159,0.1159,0.1159,0.1159,0.64113813,1
1609303620,0.1161,0.1161,0.1161,0.1161,0.6400289,1
1609303680,0.1163,0.1163,0.1163,0.1163,0.63892349,1
1609304220,0.1166,0.1166,0.1166,0.1166,0.66001196,1
1609304580,0.1168,0.1168,0.1168,0.1168,0.66001196,1
1609305180,0.1163,0.1163,0.1163,0.1163,0.17932246,1
1609305240,0.1163,0.1163,0.1163,0.1163,0.45685415,1
1609305720,0.1161,0.1161,0.1158,0.1158,1.27619602,2
1609305780,0.1156,0.1156,0.1154,0.1154,1.28116703,2
1609305960,0.1152,0.1152,0.1152,0.1152,0.64225122,1
1609306440,0.115,0.115,0.1149,0.1149,77.77671149,5
1609306500,0.1147,0.1147,0.1147,0.1147,0.64505092,1
1609306920,0.1152,0.1163,0.1152,0.1163,4.30817492,7
1609306980,0.1166,0.117,0.1166,0.117,1.9334611,3
1609307040,0.1172,0.1172,0.1172,0.1172,0.66001196,1
1609307340,0.1167,0.1167,0.1167,0.1167,0.63399606,1
1609307460,0.1165,0.1165,0.1165,0.1165,0.63508447,1
1609307700,0.117,0.117,0.117,0.117,0.63508447,1
1609308060,0.1165,0.1165,0.1165,0.1165,0.2,3
1609308180,0.1165,0.1165,0.1165,0.1165,0.43508447,1
1609308300,0.1163,0.1163,0.1163,0.1163,0.63617661,1
1609308360,0.1161,0.1161,0.1161,0.1161,0.63727253,1
1609308480,0.1158,0.1158,0.1158,0.1158,0.63892349,1
1609309380,0.1156,0.1156,0.1154,0.1154,1.28116703,2
1609309440,0.1152,0.1152,0.1149,0.1149,1.28617933,2
1609309500,0.1147,0.1147,0.1145,0.1145,1.29122856,2
1609309620,0.1143,0.1143,0.1141,0.1141,21.46588378,3
1609310400,0.1138,0.1138,0.1138,0.1138,0.65015238,1
1609310520,0.1136,0.1136,0.1136,0.1136,0.65129701,1
1609310640,0.1134,0.1134,0.1134,0.1134,0.65244568,1
1609310700,0.1132,0.1132,0.1132,0.1132,0.65359841,1
1609311060,0.113,0.113,0.113,0.113,0.65475522,1
1609311480,0.1127,0.1127,0.1127,0.1127,0.65649814,1
1609311540,0.1123,0.1123,0.1121,0.1121,21.49469373,3
1609312860,0.1138,0.1138,0.1138,0.1138,39.13231177,4
1609316160,0.1131,0.1131,0.1131,0.1131,7.93191519,2
1609322460,0.1123,0.1123,0.1123,0.1123,0.1,3
1609331760,0.1115,0.1117,0.1115,0.1117,35.88271191,7
1609333680,0.1108,0.1108,0.1108,0.1108,5,1
1609336020,0.1106,0.1106,0.1106,0.1106,1,1
1609337160,0.1103,0.1103,0.1103,0.1103,3.76,1
1609339680,0.1117,0.1117,0.1117,0.1117,0.30715932,1
1609342920,0.1125,0.1125,0.1125,0.1125,14.36994104,2
1609343760,0.1122,0.1122,0.1122,0.1122,6.7654677,3
1609344660,0.1134,0.1135,0.1134,0.1135,24.22774076,3
1609344960,0.1132,0.1132,0.1132,0.1132,0.1,1
1609345380,0.1137,0.1137,0.1137,0.1137,7.23029867,1
1609347240,0.1139,0.1139,0.1139,0.1139,0.29104974,1
1609350960,0.1129,0.1129,0.1129,0.1129,0.18054657,1
1609353240,0.1124,0.1124,0.1124,0.1124,4.88,2
1609355280,0.1104,0.1104,0.1104,0.1104,0.8252223,3
1609356360,0.1109,0.1109,0.1109,0.1109,3.73,1
1609356660,0.1108,0.1108,0.1108,0.1108,1,3
1609358940,0.1111,0.1111,0.1111,0.1111,0.36,1
1609360500,0.1103,0.1103,0.1103,0.1103,3.73,1
1609361400,0.1106,0.1106,0.1106,0.1106,1.19,1
1609362720,0.1095,0.1095,0.1095,0.1095,0.1442213,1
1609364100,0.1088,0.1088,0.1088,0.1088,0.3653,1
1609364220,0.1085,0.1085,0.1085,0.1085,1.15,1
1609365420,0.1084,0.1084,0.1084,0.1084,1.99999997,3
1609365840,0.1089,0.1089,0.1089,0.1089,1,1
1609366680,0.1083,0.1083,0.1083,0.1083,0.6478463,2
1609372320,0.1089,0.1089,0.1089,0.1089,0.97,1
1609377240,0.1078,0.1078,0.1078,0.1078,0.11207987,1
1609377960,0.1067,0.1067,0.1067,0.1067,0.65,1
1609380780,0.1077,0.1077,0.1077,0.1077,1.2,1
1609391040,0.1078,0.1078,0.1078,0.1078,0.14378015,1
1609391460,0.1077,0.1077,0.1077,0.1077,0.325,1
1609397700,0.1087,0.1087,0.1087,0.1087,0.1625,1
1609397940,0.1088,0.1088,0.1088,0.1088,10.44099485,3
1609398960,0.1086,0.1086,0.1086,0.1086,0.2,1
1609402260,0.1085,0.1085,0.1085,0.1085,0.15,3
1609406760,0.1093,0.1099,0.1093,0.1099,7.3863365,3
1609406820,0.1106,0.1107,0.1106,0.1107,21.16819665,5
1609409640,0.1124,0.1124,0.1124,0.1124,5.20135289,1
1609414740,0.1136,0.1136,0.1136,0.1136,6.5,2
1609414980,0.1139,0.1139,0.1139,0.1139,1.15,1
1609416060,0.1146,0.1147,0.1146,0.1147,2.3,2
1609416840,0.1154,0.1154,0.1154,0.1154,0.22056685,1
1609417680,0.1171,0.1171,0.1171,0.1171,0.5,1
1609417800,0.1168,0.1168,0.1168,0.1168,0.2,1
1609417860,0.1163,0.1163,0.1163,0.1163,0.1,1
1609419600,0.1159,0.1159,0.1159,0.1159,8.62700604,1
1609419900,0.1157,0.1157,0.1157,0.1157,0.2,1
1609421100,0.1151,0.1151,0.1151,0.1151,9.49567,1
1609421460,0.1155,0.1155,0.1155,0.1155,0.20027703,1
1609421520,0.1157,0.1157,0.1157,0.1157,9.58056,1
1609421700,0.1168,0.1168,0.1168,0.1168,0.2,1
1609422000,0.1162,0.1162,0.1162,0.1162,0.3,1
1609422060,0.1157,0.1157,0.1157,0.1157,2.53550116,1
1609422660,0.1153,0.1153,0.1153,0.1153,0.2,1
1609424700,0.1164,0.1164,0.1164,0.1164,0.1375,1
1609433940,0.1157,0.1157,0.1157,0.1157,1,1
1609435860,0.1149,0.1149,0.1149,0.1149,0.1,1
1609439160,0.1152,0.1152,0.1152,0.1152,0.16875,3
1609440420,0.1161,0.1161,0.1161,0.1161,12.42201723,2
1609441920,0.115,0.115,0.115,0.115,2.4,1
1609444080,0.1165,0.1165,0.1165,0.1165,171.67382,15
1609445400,0.1166,0.1166,0.1166,0.1166,2.89117613,1
1609445520,0.1165,0.1165,0.1165,0.1165,2.89117613,1
1609446120,0.1162,0.1162,0.1162,0.1162,2.90292614,1
1609446660,0.1172,0.1172,0.1172,0.1172,2.696345,1
1609455120,0.1172,0.1174,0.1172,0.1174,34.8474206,7
1609456320,0.1181,0.1181,0.1181,0.1181,0.1,1
